-- Manual test data for local development.
-- Load this AFTER running Flyway migrations.
-- Default password for all demo users: password123

-- Example:
--   psql postgresql://ktor_user:ktor_password@localhost:5432/ktor_sample \
--     -f backend/src/main/resources/db/manual-test-data.sql

TRUNCATE TABLE comments, article_tags, favorites, follows, articles, tags, users RESTART IDENTITY CASCADE;

INSERT INTO users (user_id, email, username, password, salt, bio, image) VALUES (1, 'alice@realworld.dev', 'alicewright', decode('04c1e4e2eb6b5ea7b01b5154f89a3419f5d0b93d0d987c9e6fdc6d13c3a56adb', 'hex'), decode('419f240bb1b83664128a1cf1a7bd6837', 'hex'), 'Product engineer who ships Kotlin apps for breakfast.', 'https://randomuser.me/api/portraits/women/44.jpg') ON CONFLICT DO NOTHING;
INSERT INTO users (user_id, email, username, password, salt, bio, image) VALUES (2, 'brian@realworld.dev', 'brianchen', decode('bfe91129fed6f268feedadcf5821b902b7ee442cded60cfeef2adeff83542938', 'hex'), decode('0be816f3b4998871bcd2437da18bfac7', 'hex'), 'Backend developer focused on APIs, SQL, and deployment.', 'https://randomuser.me/api/portraits/men/32.jpg') ON CONFLICT DO NOTHING;
INSERT INTO users (user_id, email, username, password, salt, bio, image) VALUES (3, 'carla@realworld.dev', 'carlagomez', decode('a374884df56653d7585d7eef7e4fa0b2c608b99b402ac58bdcd0b1771dd601bc', 'hex'), decode('73ca15493f510366bc7384a1acc2dcc1', 'hex'), 'Writes about product thinking, testing, and developer experience.', 'https://randomuser.me/api/portraits/women/68.jpg') ON CONFLICT DO NOTHING;
INSERT INTO users (user_id, email, username, password, salt, bio, image) VALUES (4, 'devon@realworld.dev', 'devonpark', decode('f73f3207c6d11d09954cc4f8b766e77d345f266bf52e0cda1855f297fb428d64', 'hex'), decode('9a766e865bfb28eb5cb909ae07821fac', 'hex'), 'Full-stack engineer who likes shipping small, polished features.', 'https://randomuser.me/api/portraits/men/76.jpg') ON CONFLICT DO NOTHING;
INSERT INTO users (user_id, email, username, password, salt, bio, image) VALUES (5, 'emma@realworld.dev', 'emmazhou', decode('2713db18109d38c9a3c024fd0b979b01d56cfb5fb3720d80f8a5397aed1985a9', 'hex'), decode('9eec6b5c66418a34da79ae0dd5834920', 'hex'), 'Frontend tinkerer with a soft spot for design systems.', 'https://randomuser.me/api/portraits/women/12.jpg') ON CONFLICT DO NOTHING;
INSERT INTO users (user_id, email, username, password, salt, bio, image) VALUES (6, 'farah@realworld.dev', 'farahali', decode('a8d87ca627b9ae5719c5596b7d2deb51454f4f8b5b915203eb18a9be37015919', 'hex'), decode('90411db2d8eeb5142062af5221b72d15', 'hex'), 'Product-minded engineer who likes clean edge cases.', 'https://randomuser.me/api/portraits/women/21.jpg') ON CONFLICT DO NOTHING;
INSERT INTO users (user_id, email, username, password, salt, bio, image) VALUES (7, 'gavin@realworld.dev', 'gavinreed', decode('2ebb07906736fbdd6469a6a8eeda84ecb4c50dc42f5cd717bb5af786a9d1fe45', 'hex'), decode('078919cb8c1acad2b7ab36e38e0d5f22', 'hex'), 'Infrastructure nerd who enjoys boring, reliable systems.', 'https://randomuser.me/api/portraits/men/45.jpg') ON CONFLICT DO NOTHING;
INSERT INTO users (user_id, email, username, password, salt, bio, image) VALUES (8, 'hana@realworld.dev', 'hanapatel', decode('a2e68d1ffe14475ad576a9a1d3bd96673c4dba61865935e0a5ad42483b8a74d8', 'hex'), decode('580300662097588830e1f7c3355ed502', 'hex'), 'Mobile developer who obsesses over polished user flows.', 'https://randomuser.me/api/portraits/women/55.jpg') ON CONFLICT DO NOTHING;
INSERT INTO users (user_id, email, username, password, salt, bio, image) VALUES (9, 'ivan@realworld.dev', 'ivankim', decode('4e66f9f1f42dd560bb5f3b1504ee36a7caf4c509643fed20df8341c060a9fe61', 'hex'), decode('67b0c68fde2c3543d9753ecf9b2b777f', 'hex'), 'Engineer who likes metrics, observability, and fast feedback loops.', 'https://randomuser.me/api/portraits/men/17.jpg') ON CONFLICT DO NOTHING;
INSERT INTO users (user_id, email, username, password, salt, bio, image) VALUES (10, 'jules@realworld.dev', 'julesmartin', decode('9165c49bb9714f654e072f5638b9717a562e203f94394c9c18580d44d88a506c', 'hex'), decode('989f903a015f30c14d9cd2621ceaf796', 'hex'), 'Explores clean architectures and pragmatic product delivery.', 'https://randomuser.me/api/portraits/men/88.jpg') ON CONFLICT DO NOTHING;
INSERT INTO follows (follower_id, followed_id) VALUES (1, 2) ON CONFLICT DO NOTHING;
INSERT INTO follows (follower_id, followed_id) VALUES (2, 3) ON CONFLICT DO NOTHING;
INSERT INTO follows (follower_id, followed_id) VALUES (3, 4) ON CONFLICT DO NOTHING;
INSERT INTO follows (follower_id, followed_id) VALUES (4, 5) ON CONFLICT DO NOTHING;
INSERT INTO follows (follower_id, followed_id) VALUES (5, 6) ON CONFLICT DO NOTHING;
INSERT INTO follows (follower_id, followed_id) VALUES (6, 7) ON CONFLICT DO NOTHING;
INSERT INTO follows (follower_id, followed_id) VALUES (7, 8) ON CONFLICT DO NOTHING;
INSERT INTO follows (follower_id, followed_id) VALUES (8, 9) ON CONFLICT DO NOTHING;
INSERT INTO follows (follower_id, followed_id) VALUES (9, 10) ON CONFLICT DO NOTHING;
INSERT INTO follows (follower_id, followed_id) VALUES (10, 1) ON CONFLICT DO NOTHING;
INSERT INTO follows (follower_id, followed_id) VALUES (1, 3) ON CONFLICT DO NOTHING;
INSERT INTO follows (follower_id, followed_id) VALUES (2, 4) ON CONFLICT DO NOTHING;
INSERT INTO follows (follower_id, followed_id) VALUES (3, 5) ON CONFLICT DO NOTHING;
INSERT INTO follows (follower_id, followed_id) VALUES (4, 6) ON CONFLICT DO NOTHING;
INSERT INTO follows (follower_id, followed_id) VALUES (5, 7) ON CONFLICT DO NOTHING;
INSERT INTO follows (follower_id, followed_id) VALUES (6, 8) ON CONFLICT DO NOTHING;
INSERT INTO follows (follower_id, followed_id) VALUES (7, 9) ON CONFLICT DO NOTHING;
INSERT INTO follows (follower_id, followed_id) VALUES (8, 10) ON CONFLICT DO NOTHING;
INSERT INTO follows (follower_id, followed_id) VALUES (9, 1) ON CONFLICT DO NOTHING;
INSERT INTO follows (follower_id, followed_id) VALUES (10, 2) ON CONFLICT DO NOTHING;
INSERT INTO tags (tag_id, name) VALUES (1, 'kotlin') ON CONFLICT DO NOTHING;
INSERT INTO tags (tag_id, name) VALUES (2, 'ktor') ON CONFLICT DO NOTHING;
INSERT INTO tags (tag_id, name) VALUES (3, 'compose') ON CONFLICT DO NOTHING;
INSERT INTO tags (tag_id, name) VALUES (4, 'postgresql') ON CONFLICT DO NOTHING;
INSERT INTO tags (tag_id, name) VALUES (5, 'testing') ON CONFLICT DO NOTHING;
INSERT INTO tags (tag_id, name) VALUES (6, 'devops') ON CONFLICT DO NOTHING;
INSERT INTO tags (tag_id, name) VALUES (7, 'api') ON CONFLICT DO NOTHING;
INSERT INTO tags (tag_id, name) VALUES (8, 'ux') ON CONFLICT DO NOTHING;
INSERT INTO articles (article_id, slug, title, description, body, author_id, created_at, updated_at) VALUES (1, 'shipping-a-kotlin-multiplatform-app', 'Shipping a Kotlin Multiplatform App', 'What worked, what hurt, and what I would do differently.', 'We built a Kotlin Multiplatform client for the RealWorld demo app and learned a few practical lessons: keep shared state simple, isolate platform code early, and invest in a predictable design system.', 1, TIMESTAMPTZ '2026-06-01 09:07:00+00', TIMESTAMPTZ '2026-06-01 09:07:00+00') ON CONFLICT DO NOTHING;
INSERT INTO articles (article_id, slug, title, description, body, author_id, created_at, updated_at) VALUES (2, 'ktor-api-patterns-that-keep-scaling', 'Ktor API Patterns That Keep Scaling', 'A small set of routing and service patterns that stay readable as the app grows.', 'This post walks through route grouping, request validation, and keeping the domain layer separate from transport concerns. The end result is easier testing and less controller logic.', 2, TIMESTAMPTZ '2026-06-02 10:14:00+00', TIMESTAMPTZ '2026-06-02 10:14:00+00') ON CONFLICT DO NOTHING;
INSERT INTO articles (article_id, slug, title, description, body, author_id, created_at, updated_at) VALUES (3, 'compose-desktop-for-fast-product-feedback', 'Compose Desktop for Fast Product Feedback', 'Use desktop builds to validate flows before spending time on mobile polish.', 'A desktop build gives you quick iteration when reviewing forms, list states, and navigation. It is especially useful while the backend contract is still moving.', 3, TIMESTAMPTZ '2026-06-03 11:21:00+00', TIMESTAMPTZ '2026-06-03 11:21:00+00') ON CONFLICT DO NOTHING;
INSERT INTO articles (article_id, slug, title, description, body, author_id, created_at, updated_at) VALUES (4, 'postgres-indexes-i-check-first', 'PostgreSQL Indexes I Check First', 'The first indexes I look for when an app starts feeling sluggish.', 'Before reaching for a rewrite, check the obvious queries: article feeds, tag lookups, author profiles, and favorites. Good indexes make manual testing feel much snappier.', 4, TIMESTAMPTZ '2026-06-04 12:28:00+00', TIMESTAMPTZ '2026-06-04 12:28:00+00') ON CONFLICT DO NOTHING;
INSERT INTO articles (article_id, slug, title, description, body, author_id, created_at, updated_at) VALUES (5, 'writing-tests-that-read-like-stories', 'Writing Tests That Read Like Stories', 'A pragmatic approach to test naming and fixtures.', 'The best tests for teams are the ones that describe behavior without making you reverse-engineer the setup. That usually means a few helpers, a clear arrange-act-assert structure, and stable test data.', 5, TIMESTAMPTZ '2026-06-05 13:35:00+00', TIMESTAMPTZ '2026-06-05 13:35:00+00') ON CONFLICT DO NOTHING;
INSERT INTO articles (article_id, slug, title, description, body, author_id, created_at, updated_at) VALUES (6, 'deploying-without-surprises', 'Deploying Without Surprises', 'A checklist for boring and reliable releases.', 'Keep environment variables explicit, make migrations part of the deployment, and verify health checks before exposing traffic. Boring deployments are the best deployments.', 6, TIMESTAMPTZ '2026-06-06 14:42:00+00', TIMESTAMPTZ '2026-06-06 14:42:00+00') ON CONFLICT DO NOTHING;
INSERT INTO articles (article_id, slug, title, description, body, author_id, created_at, updated_at) VALUES (7, 'designing-a-clean-article-feed', 'Designing a Clean Article Feed', 'How to keep list screens readable when content starts piling up.', 'A feed should answer three questions quickly: what is new, who wrote it, and why should I care. Clear typography, concise metadata, and good spacing do most of the work.', 7, TIMESTAMPTZ '2026-06-07 15:49:00+00', TIMESTAMPTZ '2026-06-07 15:49:00+00') ON CONFLICT DO NOTHING;
INSERT INTO articles (article_id, slug, title, description, body, author_id, created_at, updated_at) VALUES (8, 'auth-flows-users-do-not-hate', 'Auth Flows Users Do Not Hate', 'A few tiny details that make login and registration feel trustworthy.', 'Good auth UX is about feedback. Show validation early, keep error messages specific, and never make a user guess whether the request succeeded.', 8, TIMESTAMPTZ '2026-06-08 16:56:00+00', TIMESTAMPTZ '2026-06-08 16:56:00+00') ON CONFLICT DO NOTHING;
INSERT INTO articles (article_id, slug, title, description, body, author_id, created_at, updated_at) VALUES (9, 'favorite-buttons-are-not-just-eye-candy', 'Favorite Buttons Are Not Just Eye Candy', 'A tiny interaction that reveals a lot about product quality.', 'Favorites are easy to dismiss, but they become a useful signal for ranking, recommendations, and user engagement. They also make manual testing more satisfying.', 9, TIMESTAMPTZ '2026-06-09 08:03:00+00', TIMESTAMPTZ '2026-06-09 08:03:00+00') ON CONFLICT DO NOTHING;
INSERT INTO articles (article_id, slug, title, description, body, author_id, created_at, updated_at) VALUES (10, 'comments-that-actually-help-conversations', 'Comments That Actually Help Conversations', 'A lightweight comment model can still support real discussion.', 'If comments are going to be useful, keep them short to read, easy to sort, and simple to moderate. That is enough for a first pass and still pleasant to use.', 10, TIMESTAMPTZ '2026-06-10 09:10:00+00', TIMESTAMPTZ '2026-06-10 09:10:00+00') ON CONFLICT DO NOTHING;
INSERT INTO articles (article_id, slug, title, description, body, author_id, created_at, updated_at) VALUES (11, 'manual-testing-checklist-for-the-realworld-app', 'Manual Testing Checklist for the RealWorld App', 'A practical list for verifying the main user journeys.', 'Check registration, login, article creation, favoriting, following, commenting, and profile updates. With representative data, these flows are quick to sanity-check after each change.', 1, TIMESTAMPTZ '2026-06-11 10:17:00+00', TIMESTAMPTZ '2026-06-11 10:17:00+00') ON CONFLICT DO NOTHING;
INSERT INTO articles (article_id, slug, title, description, body, author_id, created_at, updated_at) VALUES (12, 'why-small-data-sets-still-matter', 'Why Small Data Sets Still Matter', 'You do not need production scale to catch most workflow bugs.', 'A handful of users, articles, follows, and comments is usually enough to exercise the important UI states. The trick is making the data feel believable and interconnected.', 2, TIMESTAMPTZ '2026-06-12 11:24:00+00', TIMESTAMPTZ '2026-06-12 11:24:00+00') ON CONFLICT DO NOTHING;
INSERT INTO articles (article_id, slug, title, description, body, author_id, created_at, updated_at) VALUES (13, 'from-empty-state-to-useful-dashboard', 'From Empty State to Useful Dashboard', 'How to keep the first run from feeling broken.', 'Empty states should explain what the app does and give a clear next action. That is especially important when manual testing starts on a fresh database.', 3, TIMESTAMPTZ '2026-06-13 12:31:00+00', TIMESTAMPTZ '2026-06-13 12:31:00+00') ON CONFLICT DO NOTHING;
INSERT INTO articles (article_id, slug, title, description, body, author_id, created_at, updated_at) VALUES (14, 'how-i-think-about-pagination', 'How I Think About Pagination', 'Simple pagination beats cleverness when the product is young.', 'Offset pagination is easy to reason about for testing, but the UI should still show enough context that users understand what they are seeing. Keep the controls obvious.', 4, TIMESTAMPTZ '2026-06-14 13:38:00+00', TIMESTAMPTZ '2026-06-14 13:38:00+00') ON CONFLICT DO NOTHING;
INSERT INTO articles (article_id, slug, title, description, body, author_id, created_at, updated_at) VALUES (15, 'the-case-for-deterministic-demo-content', 'The Case for Deterministic Demo Content', 'Stable fixtures make regressions much easier to spot.', 'If every refresh looks the same, it is easier to notice when a feature breaks. Deterministic demo content also makes screenshots and bug reports more useful.', 5, TIMESTAMPTZ '2026-06-15 14:45:00+00', TIMESTAMPTZ '2026-06-15 14:45:00+00') ON CONFLICT DO NOTHING;
INSERT INTO articles (article_id, slug, title, description, body, author_id, created_at, updated_at) VALUES (16, 'keeping-your-sql-readable', 'Keeping Your SQL Readable', 'Practical tips for making data scripts maintainable.', 'Readable SQL is about naming, formatting, and consistent ordering. When the seed file grows, structure matters more than trying to be clever.', 6, TIMESTAMPTZ '2026-06-16 15:52:00+00', TIMESTAMPTZ '2026-06-16 15:52:00+00') ON CONFLICT DO NOTHING;
INSERT INTO articles (article_id, slug, title, description, body, author_id, created_at, updated_at) VALUES (17, 'why-observability-should-start-early', 'Why Observability Should Start Early', 'Logs and metrics are part of the product, not just the ops story.', 'A small app still benefits from request tracing, error visibility, and timing metrics. Those signals help when a manual test does not behave as expected.', 7, TIMESTAMPTZ '2026-06-17 16:59:00+00', TIMESTAMPTZ '2026-06-17 16:59:00+00') ON CONFLICT DO NOTHING;
INSERT INTO articles (article_id, slug, title, description, body, author_id, created_at, updated_at) VALUES (18, 'shipping-small-ui-polishes', 'Shipping Small UI Polishes', 'Tiny improvements add up faster than big redesigns.', 'A handful of visual tweaks can make the whole app feel more complete: consistent spacing, better empty states, and a few helpful loading indicators.', 8, TIMESTAMPTZ '2026-06-18 08:06:00+00', TIMESTAMPTZ '2026-06-18 08:06:00+00') ON CONFLICT DO NOTHING;
INSERT INTO articles (article_id, slug, title, description, body, author_id, created_at, updated_at) VALUES (19, 'making-comment-threads-legible', 'Making Comment Threads Legible', 'A couple of structure choices can reduce visual noise.', 'The main challenge in comment design is density. Keep avatars, timestamps, and spacing consistent so the discussion reads easily.', 9, TIMESTAMPTZ '2026-06-19 09:13:00+00', TIMESTAMPTZ '2026-06-19 09:13:00+00') ON CONFLICT DO NOTHING;
INSERT INTO articles (article_id, slug, title, description, body, author_id, created_at, updated_at) VALUES (20, 'how-we-test-authentication-flows', 'How We Test Authentication Flows', 'The important bugs usually hide in the edges.', 'Login, logout, token persistence, and invalid credentials are the flows worth checking first. They are fast to test and usually reveal integration bugs quickly.', 10, TIMESTAMPTZ '2026-06-20 10:20:00+00', TIMESTAMPTZ '2026-06-20 10:20:00+00') ON CONFLICT DO NOTHING;
INSERT INTO articles (article_id, slug, title, description, body, author_id, created_at, updated_at) VALUES (21, 'using-follows-to-build-interesting-feeds', 'Using Follows to Build Interesting Feeds', 'A feed feels alive when relationships influence what appears.', 'Follow graphs are a quick way to make demo data feel real. They let you test both the global feed and the personalized feed with meaningful differences.', 1, TIMESTAMPTZ '2026-06-21 11:27:00+00', TIMESTAMPTZ '2026-06-21 11:27:00+00') ON CONFLICT DO NOTHING;
INSERT INTO articles (article_id, slug, title, description, body, author_id, created_at, updated_at) VALUES (22, 'designing-for-error-states', 'Designing for Error States', 'Failure screens deserve as much care as success screens.', 'Good error states tell the user what happened and what to do next. The nicer they are, the easier it is to test exceptional paths without confusion.', 2, TIMESTAMPTZ '2026-06-22 12:34:00+00', TIMESTAMPTZ '2026-06-22 12:34:00+00') ON CONFLICT DO NOTHING;
INSERT INTO articles (article_id, slug, title, description, body, author_id, created_at, updated_at) VALUES (23, 'why-content-variety-matters', 'Why Content Variety Matters', 'Different lengths and tones make the UI easier to evaluate.', 'If every article looks the same, you miss layout issues. Mix short and long titles, body lengths, and descriptions to exercise the screens properly.', 3, TIMESTAMPTZ '2026-06-23 13:41:00+00', TIMESTAMPTZ '2026-06-23 13:41:00+00') ON CONFLICT DO NOTHING;
INSERT INTO articles (article_id, slug, title, description, body, author_id, created_at, updated_at) VALUES (24, 'building-a-faster-feedback-loop', 'Building a Faster Feedback Loop', 'Make every manual test tell you something useful.', 'The shortest path from change to validation is the most valuable one. Good seed data keeps that loop tight by making each screen immediately testable.', 4, TIMESTAMPTZ '2026-06-24 14:48:00+00', TIMESTAMPTZ '2026-06-24 14:48:00+00') ON CONFLICT DO NOTHING;
INSERT INTO articles (article_id, slug, title, description, body, author_id, created_at, updated_at) VALUES (25, 'the-joy-of-clean-demo-data', 'The Joy of Clean Demo Data', 'Good demo data lowers the friction of doing the right thing.', 'When the content is believable and interconnected, manual testing becomes less mechanical and more like using the app for real. That is exactly what you want in a staging environment.', 5, TIMESTAMPTZ '2026-06-25 15:55:00+00', TIMESTAMPTZ '2026-06-25 15:55:00+00') ON CONFLICT DO NOTHING;
INSERT INTO articles (article_id, slug, title, description, body, author_id, created_at, updated_at) VALUES (26, 'why-seed-data-should-evolve', 'Why Seed Data Should Evolve', 'Static fixtures are useful, but they should not be frozen forever.', 'As the product grows, the data should reflect the flows you care about today. Expanding the seed set is one of the easiest ways to keep testing honest.', 6, TIMESTAMPTZ '2026-06-26 16:02:00+00', TIMESTAMPTZ '2026-06-26 16:02:00+00') ON CONFLICT DO NOTHING;
INSERT INTO articles (article_id, slug, title, description, body, author_id, created_at, updated_at) VALUES (27, 'the-importance-of-tag-discovery', 'The Importance of Tag Discovery', 'Tags are a small feature with a big effect on exploration.', 'A good tag list helps users discover related content and verify that metadata is being rendered correctly. It is a tiny but useful part of the demo experience.', 7, TIMESTAMPTZ '2026-06-27 08:09:00+00', TIMESTAMPTZ '2026-06-27 08:09:00+00') ON CONFLICT DO NOTHING;
INSERT INTO articles (article_id, slug, title, description, body, author_id, created_at, updated_at) VALUES (28, 'building-confidence-with-repetitive-testing', 'Building Confidence With Repetitive Testing', 'Repetition is only boring when the data is bad.', 'Stable, believable data makes repeat tests efficient. The more often you can run through the same flow without re-learning the setup, the faster bugs get found.', 8, TIMESTAMPTZ '2026-06-28 09:16:00+00', TIMESTAMPTZ '2026-06-28 09:16:00+00') ON CONFLICT DO NOTHING;
INSERT INTO articles (article_id, slug, title, description, body, author_id, created_at, updated_at) VALUES (29, 'why-comment-counts-matter', 'Why Comment Counts Matter', 'Even small counters are worth checking during manual QA.', 'Comment counts are a quick way to spot missing joins, broken updates, or stale caches. They are low effort to inspect and often surprisingly revealing.', 9, TIMESTAMPTZ '2026-06-29 10:23:00+00', TIMESTAMPTZ '2026-06-29 10:23:00+00') ON CONFLICT DO NOTHING;
INSERT INTO articles (article_id, slug, title, description, body, author_id, created_at, updated_at) VALUES (30, 'keeping-the-demo-app-predictable', 'Keeping the Demo App Predictable', 'Predictable systems are easier to exercise and easier to trust.', 'A demo app should be boring in the best possible way: clear login data, real relationships between records, and enough variety to make the UI feel alive.', 10, TIMESTAMPTZ '2026-06-30 11:30:00+00', TIMESTAMPTZ '2026-06-30 11:30:00+00') ON CONFLICT DO NOTHING;
INSERT INTO article_tags (article_id, tag_id) VALUES (1, 1) ON CONFLICT DO NOTHING;
INSERT INTO article_tags (article_id, tag_id) VALUES (1, 3) ON CONFLICT DO NOTHING;
INSERT INTO article_tags (article_id, tag_id) VALUES (2, 2) ON CONFLICT DO NOTHING;
INSERT INTO article_tags (article_id, tag_id) VALUES (2, 4) ON CONFLICT DO NOTHING;
INSERT INTO article_tags (article_id, tag_id) VALUES (3, 3) ON CONFLICT DO NOTHING;
INSERT INTO article_tags (article_id, tag_id) VALUES (3, 5) ON CONFLICT DO NOTHING;
INSERT INTO article_tags (article_id, tag_id) VALUES (3, 7) ON CONFLICT DO NOTHING;
INSERT INTO article_tags (article_id, tag_id) VALUES (4, 4) ON CONFLICT DO NOTHING;
INSERT INTO article_tags (article_id, tag_id) VALUES (4, 6) ON CONFLICT DO NOTHING;
INSERT INTO article_tags (article_id, tag_id) VALUES (5, 5) ON CONFLICT DO NOTHING;
INSERT INTO article_tags (article_id, tag_id) VALUES (5, 7) ON CONFLICT DO NOTHING;
INSERT INTO article_tags (article_id, tag_id) VALUES (6, 6) ON CONFLICT DO NOTHING;
INSERT INTO article_tags (article_id, tag_id) VALUES (6, 8) ON CONFLICT DO NOTHING;
INSERT INTO article_tags (article_id, tag_id) VALUES (6, 2) ON CONFLICT DO NOTHING;
INSERT INTO article_tags (article_id, tag_id) VALUES (7, 7) ON CONFLICT DO NOTHING;
INSERT INTO article_tags (article_id, tag_id) VALUES (7, 1) ON CONFLICT DO NOTHING;
INSERT INTO article_tags (article_id, tag_id) VALUES (8, 8) ON CONFLICT DO NOTHING;
INSERT INTO article_tags (article_id, tag_id) VALUES (8, 2) ON CONFLICT DO NOTHING;
INSERT INTO article_tags (article_id, tag_id) VALUES (9, 1) ON CONFLICT DO NOTHING;
INSERT INTO article_tags (article_id, tag_id) VALUES (9, 3) ON CONFLICT DO NOTHING;
INSERT INTO article_tags (article_id, tag_id) VALUES (9, 5) ON CONFLICT DO NOTHING;
INSERT INTO article_tags (article_id, tag_id) VALUES (10, 2) ON CONFLICT DO NOTHING;
INSERT INTO article_tags (article_id, tag_id) VALUES (10, 4) ON CONFLICT DO NOTHING;
INSERT INTO article_tags (article_id, tag_id) VALUES (11, 3) ON CONFLICT DO NOTHING;
INSERT INTO article_tags (article_id, tag_id) VALUES (11, 5) ON CONFLICT DO NOTHING;
INSERT INTO article_tags (article_id, tag_id) VALUES (12, 4) ON CONFLICT DO NOTHING;
INSERT INTO article_tags (article_id, tag_id) VALUES (12, 6) ON CONFLICT DO NOTHING;
INSERT INTO article_tags (article_id, tag_id) VALUES (12, 8) ON CONFLICT DO NOTHING;
INSERT INTO article_tags (article_id, tag_id) VALUES (13, 5) ON CONFLICT DO NOTHING;
INSERT INTO article_tags (article_id, tag_id) VALUES (13, 7) ON CONFLICT DO NOTHING;
INSERT INTO article_tags (article_id, tag_id) VALUES (14, 6) ON CONFLICT DO NOTHING;
INSERT INTO article_tags (article_id, tag_id) VALUES (14, 8) ON CONFLICT DO NOTHING;
INSERT INTO article_tags (article_id, tag_id) VALUES (15, 7) ON CONFLICT DO NOTHING;
INSERT INTO article_tags (article_id, tag_id) VALUES (15, 1) ON CONFLICT DO NOTHING;
INSERT INTO article_tags (article_id, tag_id) VALUES (15, 3) ON CONFLICT DO NOTHING;
INSERT INTO article_tags (article_id, tag_id) VALUES (16, 8) ON CONFLICT DO NOTHING;
INSERT INTO article_tags (article_id, tag_id) VALUES (16, 2) ON CONFLICT DO NOTHING;
INSERT INTO article_tags (article_id, tag_id) VALUES (17, 1) ON CONFLICT DO NOTHING;
INSERT INTO article_tags (article_id, tag_id) VALUES (17, 3) ON CONFLICT DO NOTHING;
INSERT INTO article_tags (article_id, tag_id) VALUES (18, 2) ON CONFLICT DO NOTHING;
INSERT INTO article_tags (article_id, tag_id) VALUES (18, 4) ON CONFLICT DO NOTHING;
INSERT INTO article_tags (article_id, tag_id) VALUES (18, 6) ON CONFLICT DO NOTHING;
INSERT INTO article_tags (article_id, tag_id) VALUES (19, 3) ON CONFLICT DO NOTHING;
INSERT INTO article_tags (article_id, tag_id) VALUES (19, 5) ON CONFLICT DO NOTHING;
INSERT INTO article_tags (article_id, tag_id) VALUES (20, 4) ON CONFLICT DO NOTHING;
INSERT INTO article_tags (article_id, tag_id) VALUES (20, 6) ON CONFLICT DO NOTHING;
INSERT INTO article_tags (article_id, tag_id) VALUES (21, 5) ON CONFLICT DO NOTHING;
INSERT INTO article_tags (article_id, tag_id) VALUES (21, 7) ON CONFLICT DO NOTHING;
INSERT INTO article_tags (article_id, tag_id) VALUES (21, 1) ON CONFLICT DO NOTHING;
INSERT INTO article_tags (article_id, tag_id) VALUES (22, 6) ON CONFLICT DO NOTHING;
INSERT INTO article_tags (article_id, tag_id) VALUES (22, 8) ON CONFLICT DO NOTHING;
INSERT INTO article_tags (article_id, tag_id) VALUES (23, 7) ON CONFLICT DO NOTHING;
INSERT INTO article_tags (article_id, tag_id) VALUES (23, 1) ON CONFLICT DO NOTHING;
INSERT INTO article_tags (article_id, tag_id) VALUES (24, 8) ON CONFLICT DO NOTHING;
INSERT INTO article_tags (article_id, tag_id) VALUES (24, 2) ON CONFLICT DO NOTHING;
INSERT INTO article_tags (article_id, tag_id) VALUES (24, 4) ON CONFLICT DO NOTHING;
INSERT INTO article_tags (article_id, tag_id) VALUES (25, 1) ON CONFLICT DO NOTHING;
INSERT INTO article_tags (article_id, tag_id) VALUES (25, 3) ON CONFLICT DO NOTHING;
INSERT INTO article_tags (article_id, tag_id) VALUES (26, 2) ON CONFLICT DO NOTHING;
INSERT INTO article_tags (article_id, tag_id) VALUES (26, 4) ON CONFLICT DO NOTHING;
INSERT INTO article_tags (article_id, tag_id) VALUES (27, 3) ON CONFLICT DO NOTHING;
INSERT INTO article_tags (article_id, tag_id) VALUES (27, 5) ON CONFLICT DO NOTHING;
INSERT INTO article_tags (article_id, tag_id) VALUES (27, 7) ON CONFLICT DO NOTHING;
INSERT INTO article_tags (article_id, tag_id) VALUES (28, 4) ON CONFLICT DO NOTHING;
INSERT INTO article_tags (article_id, tag_id) VALUES (28, 6) ON CONFLICT DO NOTHING;
INSERT INTO article_tags (article_id, tag_id) VALUES (29, 5) ON CONFLICT DO NOTHING;
INSERT INTO article_tags (article_id, tag_id) VALUES (29, 7) ON CONFLICT DO NOTHING;
INSERT INTO article_tags (article_id, tag_id) VALUES (30, 6) ON CONFLICT DO NOTHING;
INSERT INTO article_tags (article_id, tag_id) VALUES (30, 8) ON CONFLICT DO NOTHING;
INSERT INTO article_tags (article_id, tag_id) VALUES (30, 2) ON CONFLICT DO NOTHING;
INSERT INTO favorites (user_id, article_id) VALUES (1, 1) ON CONFLICT DO NOTHING;
INSERT INTO favorites (user_id, article_id) VALUES (1, 4) ON CONFLICT DO NOTHING;
INSERT INTO favorites (user_id, article_id) VALUES (1, 7) ON CONFLICT DO NOTHING;
INSERT INTO favorites (user_id, article_id) VALUES (1, 10) ON CONFLICT DO NOTHING;
INSERT INTO favorites (user_id, article_id) VALUES (1, 13) ON CONFLICT DO NOTHING;
INSERT INTO favorites (user_id, article_id) VALUES (1, 16) ON CONFLICT DO NOTHING;
INSERT INTO favorites (user_id, article_id) VALUES (2, 2) ON CONFLICT DO NOTHING;
INSERT INTO favorites (user_id, article_id) VALUES (2, 5) ON CONFLICT DO NOTHING;
INSERT INTO favorites (user_id, article_id) VALUES (2, 8) ON CONFLICT DO NOTHING;
INSERT INTO favorites (user_id, article_id) VALUES (2, 11) ON CONFLICT DO NOTHING;
INSERT INTO favorites (user_id, article_id) VALUES (2, 14) ON CONFLICT DO NOTHING;
INSERT INTO favorites (user_id, article_id) VALUES (2, 17) ON CONFLICT DO NOTHING;
INSERT INTO favorites (user_id, article_id) VALUES (3, 3) ON CONFLICT DO NOTHING;
INSERT INTO favorites (user_id, article_id) VALUES (3, 6) ON CONFLICT DO NOTHING;
INSERT INTO favorites (user_id, article_id) VALUES (3, 9) ON CONFLICT DO NOTHING;
INSERT INTO favorites (user_id, article_id) VALUES (3, 12) ON CONFLICT DO NOTHING;
INSERT INTO favorites (user_id, article_id) VALUES (3, 15) ON CONFLICT DO NOTHING;
INSERT INTO favorites (user_id, article_id) VALUES (3, 18) ON CONFLICT DO NOTHING;
INSERT INTO favorites (user_id, article_id) VALUES (4, 4) ON CONFLICT DO NOTHING;
INSERT INTO favorites (user_id, article_id) VALUES (4, 7) ON CONFLICT DO NOTHING;
INSERT INTO favorites (user_id, article_id) VALUES (4, 10) ON CONFLICT DO NOTHING;
INSERT INTO favorites (user_id, article_id) VALUES (4, 13) ON CONFLICT DO NOTHING;
INSERT INTO favorites (user_id, article_id) VALUES (4, 16) ON CONFLICT DO NOTHING;
INSERT INTO favorites (user_id, article_id) VALUES (4, 19) ON CONFLICT DO NOTHING;
INSERT INTO favorites (user_id, article_id) VALUES (5, 5) ON CONFLICT DO NOTHING;
INSERT INTO favorites (user_id, article_id) VALUES (5, 8) ON CONFLICT DO NOTHING;
INSERT INTO favorites (user_id, article_id) VALUES (5, 11) ON CONFLICT DO NOTHING;
INSERT INTO favorites (user_id, article_id) VALUES (5, 14) ON CONFLICT DO NOTHING;
INSERT INTO favorites (user_id, article_id) VALUES (5, 17) ON CONFLICT DO NOTHING;
INSERT INTO favorites (user_id, article_id) VALUES (5, 20) ON CONFLICT DO NOTHING;
INSERT INTO favorites (user_id, article_id) VALUES (6, 6) ON CONFLICT DO NOTHING;
INSERT INTO favorites (user_id, article_id) VALUES (6, 9) ON CONFLICT DO NOTHING;
INSERT INTO favorites (user_id, article_id) VALUES (6, 12) ON CONFLICT DO NOTHING;
INSERT INTO favorites (user_id, article_id) VALUES (6, 15) ON CONFLICT DO NOTHING;
INSERT INTO favorites (user_id, article_id) VALUES (6, 18) ON CONFLICT DO NOTHING;
INSERT INTO favorites (user_id, article_id) VALUES (6, 21) ON CONFLICT DO NOTHING;
INSERT INTO favorites (user_id, article_id) VALUES (7, 7) ON CONFLICT DO NOTHING;
INSERT INTO favorites (user_id, article_id) VALUES (7, 10) ON CONFLICT DO NOTHING;
INSERT INTO favorites (user_id, article_id) VALUES (7, 13) ON CONFLICT DO NOTHING;
INSERT INTO favorites (user_id, article_id) VALUES (7, 16) ON CONFLICT DO NOTHING;
INSERT INTO favorites (user_id, article_id) VALUES (7, 19) ON CONFLICT DO NOTHING;
INSERT INTO favorites (user_id, article_id) VALUES (7, 22) ON CONFLICT DO NOTHING;
INSERT INTO favorites (user_id, article_id) VALUES (8, 8) ON CONFLICT DO NOTHING;
INSERT INTO favorites (user_id, article_id) VALUES (8, 11) ON CONFLICT DO NOTHING;
INSERT INTO favorites (user_id, article_id) VALUES (8, 14) ON CONFLICT DO NOTHING;
INSERT INTO favorites (user_id, article_id) VALUES (8, 17) ON CONFLICT DO NOTHING;
INSERT INTO favorites (user_id, article_id) VALUES (8, 20) ON CONFLICT DO NOTHING;
INSERT INTO favorites (user_id, article_id) VALUES (8, 23) ON CONFLICT DO NOTHING;
INSERT INTO favorites (user_id, article_id) VALUES (9, 9) ON CONFLICT DO NOTHING;
INSERT INTO favorites (user_id, article_id) VALUES (9, 12) ON CONFLICT DO NOTHING;
INSERT INTO favorites (user_id, article_id) VALUES (9, 15) ON CONFLICT DO NOTHING;
INSERT INTO favorites (user_id, article_id) VALUES (9, 18) ON CONFLICT DO NOTHING;
INSERT INTO favorites (user_id, article_id) VALUES (9, 21) ON CONFLICT DO NOTHING;
INSERT INTO favorites (user_id, article_id) VALUES (9, 24) ON CONFLICT DO NOTHING;
INSERT INTO favorites (user_id, article_id) VALUES (10, 10) ON CONFLICT DO NOTHING;
INSERT INTO favorites (user_id, article_id) VALUES (10, 13) ON CONFLICT DO NOTHING;
INSERT INTO favorites (user_id, article_id) VALUES (10, 16) ON CONFLICT DO NOTHING;
INSERT INTO favorites (user_id, article_id) VALUES (10, 19) ON CONFLICT DO NOTHING;
INSERT INTO favorites (user_id, article_id) VALUES (10, 22) ON CONFLICT DO NOTHING;
INSERT INTO favorites (user_id, article_id) VALUES (10, 25) ON CONFLICT DO NOTHING;
INSERT INTO comments (comment_id, body, author_id, article_id, created_at, updated_at) VALUES (1, 'Great context; this helped me understand the tradeoffs much better.', 4, 1, TIMESTAMPTZ '2026-07-01 09:03:00+00', TIMESTAMPTZ '2026-07-01 09:03:00+00') ON CONFLICT DO NOTHING;
INSERT INTO comments (comment_id, body, author_id, article_id, created_at, updated_at) VALUES (2, 'I like how concrete this is. It feels very close to something I would actually use.', 5, 1, TIMESTAMPTZ '2026-07-01 10:14:00+00', TIMESTAMPTZ '2026-07-01 10:14:00+00') ON CONFLICT DO NOTHING;
INSERT INTO comments (comment_id, body, author_id, article_id, created_at, updated_at) VALUES (3, 'The examples make the idea much easier to test in the app.', 5, 2, TIMESTAMPTZ '2026-07-02 09:06:00+00', TIMESTAMPTZ '2026-07-02 09:06:00+00') ON CONFLICT DO NOTHING;
INSERT INTO comments (comment_id, body, author_id, article_id, created_at, updated_at) VALUES (4, 'This is a good reminder that small details change the whole experience.', 6, 2, TIMESTAMPTZ '2026-07-02 10:17:00+00', TIMESTAMPTZ '2026-07-02 10:17:00+00') ON CONFLICT DO NOTHING;
INSERT INTO comments (comment_id, body, author_id, article_id, created_at, updated_at) VALUES (5, 'Nice write-up. The screen should look good with data like this.', 6, 3, TIMESTAMPTZ '2026-07-03 09:09:00+00', TIMESTAMPTZ '2026-07-03 09:09:00+00') ON CONFLICT DO NOTHING;
INSERT INTO comments (comment_id, body, author_id, article_id, created_at, updated_at) VALUES (6, 'I would definitely use this as a manual testing reference.', 7, 3, TIMESTAMPTZ '2026-07-03 10:20:00+00', TIMESTAMPTZ '2026-07-03 10:20:00+00') ON CONFLICT DO NOTHING;
INSERT INTO comments (comment_id, body, author_id, article_id, created_at, updated_at) VALUES (7, 'Great context; this helped me understand the tradeoffs much better.', 7, 4, TIMESTAMPTZ '2026-07-04 09:12:00+00', TIMESTAMPTZ '2026-07-04 09:12:00+00') ON CONFLICT DO NOTHING;
INSERT INTO comments (comment_id, body, author_id, article_id, created_at, updated_at) VALUES (8, 'I like how concrete this is. It feels very close to something I would actually use.', 8, 4, TIMESTAMPTZ '2026-07-04 10:23:00+00', TIMESTAMPTZ '2026-07-04 10:23:00+00') ON CONFLICT DO NOTHING;
INSERT INTO comments (comment_id, body, author_id, article_id, created_at, updated_at) VALUES (9, 'The examples make the idea much easier to test in the app.', 8, 5, TIMESTAMPTZ '2026-07-05 09:15:00+00', TIMESTAMPTZ '2026-07-05 09:15:00+00') ON CONFLICT DO NOTHING;
INSERT INTO comments (comment_id, body, author_id, article_id, created_at, updated_at) VALUES (10, 'This is a good reminder that small details change the whole experience.', 9, 5, TIMESTAMPTZ '2026-07-05 10:26:00+00', TIMESTAMPTZ '2026-07-05 10:26:00+00') ON CONFLICT DO NOTHING;
INSERT INTO comments (comment_id, body, author_id, article_id, created_at, updated_at) VALUES (11, 'Nice write-up. The screen should look good with data like this.', 9, 6, TIMESTAMPTZ '2026-07-06 09:18:00+00', TIMESTAMPTZ '2026-07-06 09:18:00+00') ON CONFLICT DO NOTHING;
INSERT INTO comments (comment_id, body, author_id, article_id, created_at, updated_at) VALUES (12, 'I would definitely use this as a manual testing reference.', 10, 6, TIMESTAMPTZ '2026-07-06 10:29:00+00', TIMESTAMPTZ '2026-07-06 10:29:00+00') ON CONFLICT DO NOTHING;
INSERT INTO comments (comment_id, body, author_id, article_id, created_at, updated_at) VALUES (13, 'Great context; this helped me understand the tradeoffs much better.', 10, 7, TIMESTAMPTZ '2026-07-07 09:21:00+00', TIMESTAMPTZ '2026-07-07 09:21:00+00') ON CONFLICT DO NOTHING;
INSERT INTO comments (comment_id, body, author_id, article_id, created_at, updated_at) VALUES (14, 'I like how concrete this is. It feels very close to something I would actually use.', 1, 7, TIMESTAMPTZ '2026-07-07 10:32:00+00', TIMESTAMPTZ '2026-07-07 10:32:00+00') ON CONFLICT DO NOTHING;
INSERT INTO comments (comment_id, body, author_id, article_id, created_at, updated_at) VALUES (15, 'The examples make the idea much easier to test in the app.', 1, 8, TIMESTAMPTZ '2026-07-08 09:24:00+00', TIMESTAMPTZ '2026-07-08 09:24:00+00') ON CONFLICT DO NOTHING;
INSERT INTO comments (comment_id, body, author_id, article_id, created_at, updated_at) VALUES (16, 'This is a good reminder that small details change the whole experience.', 2, 8, TIMESTAMPTZ '2026-07-08 10:35:00+00', TIMESTAMPTZ '2026-07-08 10:35:00+00') ON CONFLICT DO NOTHING;
INSERT INTO comments (comment_id, body, author_id, article_id, created_at, updated_at) VALUES (17, 'Nice write-up. The screen should look good with data like this.', 2, 9, TIMESTAMPTZ '2026-07-09 09:27:00+00', TIMESTAMPTZ '2026-07-09 09:27:00+00') ON CONFLICT DO NOTHING;
INSERT INTO comments (comment_id, body, author_id, article_id, created_at, updated_at) VALUES (18, 'I would definitely use this as a manual testing reference.', 3, 9, TIMESTAMPTZ '2026-07-09 10:38:00+00', TIMESTAMPTZ '2026-07-09 10:38:00+00') ON CONFLICT DO NOTHING;
INSERT INTO comments (comment_id, body, author_id, article_id, created_at, updated_at) VALUES (19, 'Great context; this helped me understand the tradeoffs much better.', 3, 10, TIMESTAMPTZ '2026-07-10 09:30:00+00', TIMESTAMPTZ '2026-07-10 09:30:00+00') ON CONFLICT DO NOTHING;
INSERT INTO comments (comment_id, body, author_id, article_id, created_at, updated_at) VALUES (20, 'I like how concrete this is. It feels very close to something I would actually use.', 4, 10, TIMESTAMPTZ '2026-07-10 10:41:00+00', TIMESTAMPTZ '2026-07-10 10:41:00+00') ON CONFLICT DO NOTHING;
INSERT INTO comments (comment_id, body, author_id, article_id, created_at, updated_at) VALUES (21, 'The examples make the idea much easier to test in the app.', 4, 11, TIMESTAMPTZ '2026-07-11 09:33:00+00', TIMESTAMPTZ '2026-07-11 09:33:00+00') ON CONFLICT DO NOTHING;
INSERT INTO comments (comment_id, body, author_id, article_id, created_at, updated_at) VALUES (22, 'This is a good reminder that small details change the whole experience.', 5, 11, TIMESTAMPTZ '2026-07-11 10:44:00+00', TIMESTAMPTZ '2026-07-11 10:44:00+00') ON CONFLICT DO NOTHING;
INSERT INTO comments (comment_id, body, author_id, article_id, created_at, updated_at) VALUES (23, 'Nice write-up. The screen should look good with data like this.', 5, 12, TIMESTAMPTZ '2026-07-12 09:36:00+00', TIMESTAMPTZ '2026-07-12 09:36:00+00') ON CONFLICT DO NOTHING;
INSERT INTO comments (comment_id, body, author_id, article_id, created_at, updated_at) VALUES (24, 'I would definitely use this as a manual testing reference.', 6, 12, TIMESTAMPTZ '2026-07-12 10:47:00+00', TIMESTAMPTZ '2026-07-12 10:47:00+00') ON CONFLICT DO NOTHING;
INSERT INTO comments (comment_id, body, author_id, article_id, created_at, updated_at) VALUES (25, 'Great context; this helped me understand the tradeoffs much better.', 6, 13, TIMESTAMPTZ '2026-07-13 09:39:00+00', TIMESTAMPTZ '2026-07-13 09:39:00+00') ON CONFLICT DO NOTHING;
INSERT INTO comments (comment_id, body, author_id, article_id, created_at, updated_at) VALUES (26, 'I like how concrete this is. It feels very close to something I would actually use.', 7, 13, TIMESTAMPTZ '2026-07-13 10:50:00+00', TIMESTAMPTZ '2026-07-13 10:50:00+00') ON CONFLICT DO NOTHING;
INSERT INTO comments (comment_id, body, author_id, article_id, created_at, updated_at) VALUES (27, 'The examples make the idea much easier to test in the app.', 7, 14, TIMESTAMPTZ '2026-07-14 09:42:00+00', TIMESTAMPTZ '2026-07-14 09:42:00+00') ON CONFLICT DO NOTHING;
INSERT INTO comments (comment_id, body, author_id, article_id, created_at, updated_at) VALUES (28, 'This is a good reminder that small details change the whole experience.', 8, 14, TIMESTAMPTZ '2026-07-14 10:53:00+00', TIMESTAMPTZ '2026-07-14 10:53:00+00') ON CONFLICT DO NOTHING;
INSERT INTO comments (comment_id, body, author_id, article_id, created_at, updated_at) VALUES (29, 'Nice write-up. The screen should look good with data like this.', 8, 15, TIMESTAMPTZ '2026-07-15 09:45:00+00', TIMESTAMPTZ '2026-07-15 09:45:00+00') ON CONFLICT DO NOTHING;
INSERT INTO comments (comment_id, body, author_id, article_id, created_at, updated_at) VALUES (30, 'I would definitely use this as a manual testing reference.', 9, 15, TIMESTAMPTZ '2026-07-15 10:56:00+00', TIMESTAMPTZ '2026-07-15 10:56:00+00') ON CONFLICT DO NOTHING;
INSERT INTO comments (comment_id, body, author_id, article_id, created_at, updated_at) VALUES (31, 'Great context; this helped me understand the tradeoffs much better.', 9, 16, TIMESTAMPTZ '2026-07-16 09:48:00+00', TIMESTAMPTZ '2026-07-16 09:48:00+00') ON CONFLICT DO NOTHING;
INSERT INTO comments (comment_id, body, author_id, article_id, created_at, updated_at) VALUES (32, 'I like how concrete this is. It feels very close to something I would actually use.', 10, 16, TIMESTAMPTZ '2026-07-16 10:59:00+00', TIMESTAMPTZ '2026-07-16 10:59:00+00') ON CONFLICT DO NOTHING;
INSERT INTO comments (comment_id, body, author_id, article_id, created_at, updated_at) VALUES (33, 'The examples make the idea much easier to test in the app.', 10, 17, TIMESTAMPTZ '2026-07-17 09:51:00+00', TIMESTAMPTZ '2026-07-17 09:51:00+00') ON CONFLICT DO NOTHING;
INSERT INTO comments (comment_id, body, author_id, article_id, created_at, updated_at) VALUES (34, 'This is a good reminder that small details change the whole experience.', 1, 17, TIMESTAMPTZ '2026-07-17 10:02:00+00', TIMESTAMPTZ '2026-07-17 10:02:00+00') ON CONFLICT DO NOTHING;
INSERT INTO comments (comment_id, body, author_id, article_id, created_at, updated_at) VALUES (35, 'Nice write-up. The screen should look good with data like this.', 1, 18, TIMESTAMPTZ '2026-07-18 09:54:00+00', TIMESTAMPTZ '2026-07-18 09:54:00+00') ON CONFLICT DO NOTHING;
INSERT INTO comments (comment_id, body, author_id, article_id, created_at, updated_at) VALUES (36, 'I would definitely use this as a manual testing reference.', 2, 18, TIMESTAMPTZ '2026-07-18 10:05:00+00', TIMESTAMPTZ '2026-07-18 10:05:00+00') ON CONFLICT DO NOTHING;
INSERT INTO comments (comment_id, body, author_id, article_id, created_at, updated_at) VALUES (37, 'Great context; this helped me understand the tradeoffs much better.', 2, 19, TIMESTAMPTZ '2026-07-19 09:57:00+00', TIMESTAMPTZ '2026-07-19 09:57:00+00') ON CONFLICT DO NOTHING;
INSERT INTO comments (comment_id, body, author_id, article_id, created_at, updated_at) VALUES (38, 'I like how concrete this is. It feels very close to something I would actually use.', 3, 19, TIMESTAMPTZ '2026-07-19 10:08:00+00', TIMESTAMPTZ '2026-07-19 10:08:00+00') ON CONFLICT DO NOTHING;
INSERT INTO comments (comment_id, body, author_id, article_id, created_at, updated_at) VALUES (39, 'The examples make the idea much easier to test in the app.', 3, 20, TIMESTAMPTZ '2026-07-20 09:00:00+00', TIMESTAMPTZ '2026-07-20 09:00:00+00') ON CONFLICT DO NOTHING;
INSERT INTO comments (comment_id, body, author_id, article_id, created_at, updated_at) VALUES (40, 'This is a good reminder that small details change the whole experience.', 4, 20, TIMESTAMPTZ '2026-07-20 10:11:00+00', TIMESTAMPTZ '2026-07-20 10:11:00+00') ON CONFLICT DO NOTHING;
INSERT INTO comments (comment_id, body, author_id, article_id, created_at, updated_at) VALUES (41, 'Nice write-up. The screen should look good with data like this.', 4, 21, TIMESTAMPTZ '2026-07-21 09:03:00+00', TIMESTAMPTZ '2026-07-21 09:03:00+00') ON CONFLICT DO NOTHING;
INSERT INTO comments (comment_id, body, author_id, article_id, created_at, updated_at) VALUES (42, 'I would definitely use this as a manual testing reference.', 5, 22, TIMESTAMPTZ '2026-07-22 09:06:00+00', TIMESTAMPTZ '2026-07-22 09:06:00+00') ON CONFLICT DO NOTHING;
INSERT INTO comments (comment_id, body, author_id, article_id, created_at, updated_at) VALUES (43, 'Great context; this helped me understand the tradeoffs much better.', 6, 23, TIMESTAMPTZ '2026-07-23 09:09:00+00', TIMESTAMPTZ '2026-07-23 09:09:00+00') ON CONFLICT DO NOTHING;
INSERT INTO comments (comment_id, body, author_id, article_id, created_at, updated_at) VALUES (44, 'I like how concrete this is. It feels very close to something I would actually use.', 7, 24, TIMESTAMPTZ '2026-07-24 09:12:00+00', TIMESTAMPTZ '2026-07-24 09:12:00+00') ON CONFLICT DO NOTHING;
INSERT INTO comments (comment_id, body, author_id, article_id, created_at, updated_at) VALUES (45, 'The examples make the idea much easier to test in the app.', 8, 25, TIMESTAMPTZ '2026-07-25 09:15:00+00', TIMESTAMPTZ '2026-07-25 09:15:00+00') ON CONFLICT DO NOTHING;
INSERT INTO comments (comment_id, body, author_id, article_id, created_at, updated_at) VALUES (46, 'This is a good reminder that small details change the whole experience.', 9, 26, TIMESTAMPTZ '2026-07-26 09:18:00+00', TIMESTAMPTZ '2026-07-26 09:18:00+00') ON CONFLICT DO NOTHING;
INSERT INTO comments (comment_id, body, author_id, article_id, created_at, updated_at) VALUES (47, 'Nice write-up. The screen should look good with data like this.', 10, 27, TIMESTAMPTZ '2026-07-27 09:21:00+00', TIMESTAMPTZ '2026-07-27 09:21:00+00') ON CONFLICT DO NOTHING;
INSERT INTO comments (comment_id, body, author_id, article_id, created_at, updated_at) VALUES (48, 'I would definitely use this as a manual testing reference.', 1, 28, TIMESTAMPTZ '2026-07-28 09:24:00+00', TIMESTAMPTZ '2026-07-28 09:24:00+00') ON CONFLICT DO NOTHING;
INSERT INTO comments (comment_id, body, author_id, article_id, created_at, updated_at) VALUES (49, 'Great context; this helped me understand the tradeoffs much better.', 2, 29, TIMESTAMPTZ '2026-07-01 09:27:00+00', TIMESTAMPTZ '2026-07-01 09:27:00+00') ON CONFLICT DO NOTHING;
INSERT INTO comments (comment_id, body, author_id, article_id, created_at, updated_at) VALUES (50, 'I like how concrete this is. It feels very close to something I would actually use.', 3, 30, TIMESTAMPTZ '2026-07-02 09:30:00+00', TIMESTAMPTZ '2026-07-02 09:30:00+00') ON CONFLICT DO NOTHING;
SELECT setval(pg_get_serial_sequence('users', 'user_id'), (SELECT COALESCE(MAX(user_id), 1) FROM users), true);
SELECT setval(pg_get_serial_sequence('tags', 'tag_id'), (SELECT COALESCE(MAX(tag_id), 1) FROM tags), true);
SELECT setval(pg_get_serial_sequence('articles', 'article_id'), (SELECT COALESCE(MAX(article_id), 1) FROM articles), true);
SELECT setval(pg_get_serial_sequence('comments', 'comment_id'), (SELECT COALESCE(MAX(comment_id), 1) FROM comments), true);
